imgPath,maskPath
../../data/PALM-Training400/P0178.jpg,../../data/PALM-Training400-Annotation-D&F/Disc_Masks/P0178.bmp
../../data/PALM-Training400/P0190.jpg,../../data/PALM-Training400-Annotation-D&F/Disc_Masks/P0190.bmp
../../data/PALM-Training400/P0009.jpg,../../data/PALM-Training400-Annotation-D&F/Disc_Masks/P0009.bmp
../../data/PALM-Training400/N0060.jpg,../../data/PALM-Training400-Annotation-D&F/Disc_Masks/N0060.bmp
../../data/PALM-Training400/P0017.jpg,../../data/PALM-Training400-Annotation-D&F/Disc_Masks/P0017.bmp
../../data/PALM-Training400/N0150.jpg,../../data/PALM-Training400-Annotation-D&F/Disc_Masks/N0150.bmp
../../data/PALM-Training400/N0001.jpg,../../data/PALM-Training400-Annotation-D&F/Disc_Masks/N0001.bmp
../../data/PALM-Training400/N0051.jpg,../../data/PALM-Training400-Annotation-D&F/Disc_Masks/N0051.bmp
../../data/PALM-Training400/N0117.jpg,../../data/PALM-Training400-Annotation-D&F/Disc_Masks/N0117.bmp
../../data/PALM-Training400/H0015.jpg,../../data/PALM-Training400-Annotation-D&F/Disc_Masks/H0015.bmp
../../data/PALM-Training400/P0194.jpg,../../data/PALM-Training400-Annotation-D&F/Disc_Masks/P0194.bmp
../../data/PALM-Training400/N0137.jpg,../../data/PALM-Training400-Annotation-D&F/Disc_Masks/N0137.bmp
../../data/PALM-Training400/P0173.jpg,../../data/PALM-Training400-Annotation-D&F/Disc_Masks/P0173.bmp
../../data/PALM-Training400/P0191.jpg,../../data/PALM-Training400-Annotation-D&F/Disc_Masks/P0191.bmp
../../data/PALM-Training400/N0157.jpg,../../data/PALM-Training400-Annotation-D&F/Disc_Masks/N0157.bmp
../../data/PALM-Training400/N0143.jpg,../../data/PALM-Training400-Annotation-D&F/Disc_Masks/N0143.bmp
../../data/PALM-Training400/N0094.jpg,../../data/PALM-Training400-Annotation-D&F/Disc_Masks/N0094.bmp
../../data/PALM-Training400/P0103.jpg,../../data/PALM-Training400-Annotation-D&F/Disc_Masks/P0103.bmp
../../data/PALM-Training400/N0045.jpg,../../data/PALM-Training400-Annotation-D&F/Disc_Masks/N0045.bmp
../../data/PALM-Training400/N0099.jpg,../../data/PALM-Training400-Annotation-D&F/Disc_Masks/N0099.bmp
../../data/PALM-Training400/P0196.jpg,../../data/PALM-Training400-Annotation-D&F/Disc_Masks/P0196.bmp
../../data/PALM-Training400/N0095.jpg,../../data/PALM-Training400-Annotation-D&F/Disc_Masks/N0095.bmp
../../data/PALM-Training400/P0074.jpg,../../data/PALM-Training400-Annotation-D&F/Disc_Masks/P0074.bmp
../../data/PALM-Training400/P0054.jpg,../../data/PALM-Training400-Annotation-D&F/Disc_Masks/P0054.bmp
../../data/PALM-Training400/N0002.jpg,../../data/PALM-Training400-Annotation-D&F/Disc_Masks/N0002.bmp
../../data/PALM-Training400/N0130.jpg,../../data/PALM-Training400-Annotation-D&F/Disc_Masks/N0130.bmp
../../data/PALM-Training400/N0009.jpg,../../data/PALM-Training400-Annotation-D&F/Disc_Masks/N0009.bmp
../../data/PALM-Training400/N0086.jpg,../../data/PALM-Training400-Annotation-D&F/Disc_Masks/N0086.bmp
../../data/PALM-Training400/P0170.jpg,../../data/PALM-Training400-Annotation-D&F/Disc_Masks/P0170.bmp
../../data/PALM-Training400/P0086.jpg,../../data/PALM-Training400-Annotation-D&F/Disc_Masks/P0086.bmp
../../data/PALM-Training400/P0133.jpg,../../data/PALM-Training400-Annotation-D&F/Disc_Masks/P0133.bmp
../../data/PALM-Training400/N0122.jpg,../../data/PALM-Training400-Annotation-D&F/Disc_Masks/N0122.bmp
../../data/PALM-Training400/N0140.jpg,../../data/PALM-Training400-Annotation-D&F/Disc_Masks/N0140.bmp
../../data/PALM-Training400/P0049.jpg,../../data/PALM-Training400-Annotation-D&F/Disc_Masks/P0049.bmp
../../data/PALM-Training400/P0209.jpg,../../data/PALM-Training400-Annotation-D&F/Disc_Masks/P0209.bmp
../../data/PALM-Training400/P0063.jpg,../../data/PALM-Training400-Annotation-D&F/Disc_Masks/P0063.bmp
../../data/PALM-Training400/P0080.jpg,../../data/PALM-Training400-Annotation-D&F/Disc_Masks/P0080.bmp
../../data/PALM-Training400/P0167.jpg,../../data/PALM-Training400-Annotation-D&F/Disc_Masks/P0167.bmp
../../data/PALM-Training400/P0172.jpg,../../data/PALM-Training400-Annotation-D&F/Disc_Masks/P0172.bmp
../../data/PALM-Training400/P0016.jpg,../../data/PALM-Training400-Annotation-D&F/Disc_Masks/P0016.bmp
../../data/PALM-Training400/N0004.jpg,../../data/PALM-Training400-Annotation-D&F/Disc_Masks/N0004.bmp
../../data/PALM-Training400/P0122.jpg,../../data/PALM-Training400-Annotation-D&F/Disc_Masks/P0122.bmp
../../data/PALM-Training400/N0064.jpg,../../data/PALM-Training400-Annotation-D&F/Disc_Masks/N0064.bmp
../../data/PALM-Training400/P0106.jpg,../../data/PALM-Training400-Annotation-D&F/Disc_Masks/P0106.bmp
../../data/PALM-Training400/N0003.jpg,../../data/PALM-Training400-Annotation-D&F/Disc_Masks/N0003.bmp
../../data/PALM-Training400/P0134.jpg,../../data/PALM-Training400-Annotation-D&F/Disc_Masks/P0134.bmp
../../data/PALM-Training400/N0089.jpg,../../data/PALM-Training400-Annotation-D&F/Disc_Masks/N0089.bmp
../../data/PALM-Training400/P0115.jpg,../../data/PALM-Training400-Annotation-D&F/Disc_Masks/P0115.bmp
../../data/PALM-Training400/N0103.jpg,../../data/PALM-Training400-Annotation-D&F/Disc_Masks/N0103.bmp
../../data/PALM-Training400/N0016.jpg,../../data/PALM-Training400-Annotation-D&F/Disc_Masks/N0016.bmp
../../data/PALM-Training400/N0021.jpg,../../data/PALM-Training400-Annotation-D&F/Disc_Masks/N0021.bmp
../../data/PALM-Training400/N0138.jpg,../../data/PALM-Training400-Annotation-D&F/Disc_Masks/N0138.bmp
../../data/PALM-Training400/P0001.jpg,../../data/PALM-Training400-Annotation-D&F/Disc_Masks/P0001.bmp
../../data/PALM-Training400/P0197.jpg,../../data/PALM-Training400-Annotation-D&F/Disc_Masks/P0197.bmp
../../data/PALM-Training400/P0126.jpg,../../data/PALM-Training400-Annotation-D&F/Disc_Masks/P0126.bmp
../../data/PALM-Training400/N0153.jpg,../../data/PALM-Training400-Annotation-D&F/Disc_Masks/N0153.bmp
../../data/PALM-Training400/P0127.jpg,../../data/PALM-Training400-Annotation-D&F/Disc_Masks/P0127.bmp
../../data/PALM-Training400/N0044.jpg,../../data/PALM-Training400-Annotation-D&F/Disc_Masks/N0044.bmp
../../data/PALM-Training400/N0096.jpg,../../data/PALM-Training400-Annotation-D&F/Disc_Masks/N0096.bmp
../../data/PALM-Training400/P0198.jpg,../../data/PALM-Training400-Annotation-D&F/Disc_Masks/P0198.bmp
../../data/PALM-Training400/H0014.jpg,../../data/PALM-Training400-Annotation-D&F/Disc_Masks/H0014.bmp
../../data/PALM-Training400/P0195.jpg,../../data/PALM-Training400-Annotation-D&F/Disc_Masks/P0195.bmp
../../data/PALM-Training400/P0065.jpg,../../data/PALM-Training400-Annotation-D&F/Disc_Masks/P0065.bmp
../../data/PALM-Training400/H0020.jpg,../../data/PALM-Training400-Annotation-D&F/Disc_Masks/H0020.bmp
../../data/PALM-Training400/P0021.jpg,../../data/PALM-Training400-Annotation-D&F/Disc_Masks/P0021.bmp
../../data/PALM-Training400/N0088.jpg,../../data/PALM-Training400-Annotation-D&F/Disc_Masks/N0088.bmp
../../data/PALM-Training400/N0066.jpg,../../data/PALM-Training400-Annotation-D&F/Disc_Masks/N0066.bmp
../../data/PALM-Training400/N0161.jpg,../../data/PALM-Training400-Annotation-D&F/Disc_Masks/N0161.bmp
../../data/PALM-Training400/P0027.jpg,../../data/PALM-Training400-Annotation-D&F/Disc_Masks/P0027.bmp
../../data/PALM-Training400/P0062.jpg,../../data/PALM-Training400-Annotation-D&F/Disc_Masks/P0062.bmp
../../data/PALM-Training400/P0006.jpg,../../data/PALM-Training400-Annotation-D&F/Disc_Masks/P0006.bmp
../../data/PALM-Training400/P0168.jpg,../../data/PALM-Training400-Annotation-D&F/Disc_Masks/P0168.bmp
../../data/PALM-Training400/P0018.jpg,../../data/PALM-Training400-Annotation-D&F/Disc_Masks/P0018.bmp
../../data/PALM-Training400/N0077.jpg,../../data/PALM-Training400-Annotation-D&F/Disc_Masks/N0077.bmp
../../data/PALM-Training400/N0054.jpg,../../data/PALM-Training400-Annotation-D&F/Disc_Masks/N0054.bmp
../../data/PALM-Training400/P0064.jpg,../../data/PALM-Training400-Annotation-D&F/Disc_Masks/P0064.bmp
../../data/PALM-Training400/N0081.jpg,../../data/PALM-Training400-Annotation-D&F/Disc_Masks/N0081.bmp
../../data/PALM-Training400/N0128.jpg,../../data/PALM-Training400-Annotation-D&F/Disc_Masks/N0128.bmp
../../data/PALM-Training400/P0171.jpg,../../data/PALM-Training400-Annotation-D&F/Disc_Masks/P0171.bmp
../../data/PALM-Training400/N0082.jpg,../../data/PALM-Training400-Annotation-D&F/Disc_Masks/N0082.bmp
../../data/PALM-Training400/P0019.jpg,../../data/PALM-Training400-Annotation-D&F/Disc_Masks/P0019.bmp
../../data/PALM-Training400/N0053.jpg,../../data/PALM-Training400-Annotation-D&F/Disc_Masks/N0053.bmp
../../data/PALM-Training400/N0008.jpg,../../data/PALM-Training400-Annotation-D&F/Disc_Masks/N0008.bmp
../../data/PALM-Training400/N0022.jpg,../../data/PALM-Training400-Annotation-D&F/Disc_Masks/N0022.bmp
../../data/PALM-Training400/N0129.jpg,../../data/PALM-Training400-Annotation-D&F/Disc_Masks/N0129.bmp
../../data/PALM-Training400/N0107.jpg,../../data/PALM-Training400-Annotation-D&F/Disc_Masks/N0107.bmp
../../data/PALM-Training400/N0052.jpg,../../data/PALM-Training400-Annotation-D&F/Disc_Masks/N0052.bmp
../../data/PALM-Training400/P0007.jpg,../../data/PALM-Training400-Annotation-D&F/Disc_Masks/P0007.bmp
../../data/PALM-Training400/P0129.jpg,../../data/PALM-Training400-Annotation-D&F/Disc_Masks/P0129.bmp
../../data/PALM-Training400/N0152.jpg,../../data/PALM-Training400-Annotation-D&F/Disc_Masks/N0152.bmp
../../data/PALM-Training400/N0110.jpg,../../data/PALM-Training400-Annotation-D&F/Disc_Masks/N0110.bmp
../../data/PALM-Training400/N0131.jpg,../../data/PALM-Training400-Annotation-D&F/Disc_Masks/N0131.bmp
../../data/PALM-Training400/P0100.jpg,../../data/PALM-Training400-Annotation-D&F/Disc_Masks/P0100.bmp
../../data/PALM-Training400/N0071.jpg,../../data/PALM-Training400-Annotation-D&F/Disc_Masks/N0071.bmp
../../data/PALM-Training400/P0154.jpg,../../data/PALM-Training400-Annotation-D&F/Disc_Masks/P0154.bmp
../../data/PALM-Training400/N0160.jpg,../../data/PALM-Training400-Annotation-D&F/Disc_Masks/N0160.bmp
../../data/PALM-Training400/P0155.jpg,../../data/PALM-Training400-Annotation-D&F/Disc_Masks/P0155.bmp
../../data/PALM-Training400/P0124.jpg,../../data/PALM-Training400-Annotation-D&F/Disc_Masks/P0124.bmp
../../data/PALM-Training400/P0107.jpg,../../data/PALM-Training400-Annotation-D&F/Disc_Masks/P0107.bmp
../../data/PALM-Training400/N0158.jpg,../../data/PALM-Training400-Annotation-D&F/Disc_Masks/N0158.bmp
../../data/PALM-Training400/P0082.jpg,../../data/PALM-Training400-Annotation-D&F/Disc_Masks/P0082.bmp
../../data/PALM-Training400/P0004.jpg,../../data/PALM-Training400-Annotation-D&F/Disc_Masks/P0004.bmp
../../data/PALM-Training400/P0189.jpg,../../data/PALM-Training400-Annotation-D&F/Disc_Masks/P0189.bmp
../../data/PALM-Training400/N0114.jpg,../../data/PALM-Training400-Annotation-D&F/Disc_Masks/N0114.bmp
../../data/PALM-Training400/N0023.jpg,../../data/PALM-Training400-Annotation-D&F/Disc_Masks/N0023.bmp
../../data/PALM-Training400/H0021.jpg,../../data/PALM-Training400-Annotation-D&F/Disc_Masks/H0021.bmp
../../data/PALM-Training400/P0058.jpg,../../data/PALM-Training400-Annotation-D&F/Disc_Masks/P0058.bmp
../../data/PALM-Training400/P0151.jpg,../../data/PALM-Training400-Annotation-D&F/Disc_Masks/P0151.bmp
../../data/PALM-Training400/N0097.jpg,../../data/PALM-Training400-Annotation-D&F/Disc_Masks/N0097.bmp
../../data/PALM-Training400/P0003.jpg,../../data/PALM-Training400-Annotation-D&F/Disc_Masks/P0003.bmp
../../data/PALM-Training400/P0057.jpg,../../data/PALM-Training400-Annotation-D&F/Disc_Masks/P0057.bmp
../../data/PALM-Training400/P0047.jpg,../../data/PALM-Training400-Annotation-D&F/Disc_Masks/P0047.bmp
../../data/PALM-Training400/N0102.jpg,../../data/PALM-Training400-Annotation-D&F/Disc_Masks/N0102.bmp
../../data/PALM-Training400/P0203.jpg,../../data/PALM-Training400-Annotation-D&F/Disc_Masks/P0203.bmp
../../data/PALM-Training400/P0200.jpg,../../data/PALM-Training400-Annotation-D&F/Disc_Masks/P0200.bmp
../../data/PALM-Training400/P0152.jpg,../../data/PALM-Training400-Annotation-D&F/Disc_Masks/P0152.bmp
../../data/PALM-Training400/P0180.jpg,../../data/PALM-Training400-Annotation-D&F/Disc_Masks/P0180.bmp
../../data/PALM-Training400/N0149.jpg,../../data/PALM-Training400-Annotation-D&F/Disc_Masks/N0149.bmp
../../data/PALM-Training400/P0137.jpg,../../data/PALM-Training400-Annotation-D&F/Disc_Masks/P0137.bmp
../../data/PALM-Training400/P0069.jpg,../../data/PALM-Training400-Annotation-D&F/Disc_Masks/P0069.bmp
../../data/PALM-Training400/N0139.jpg,../../data/PALM-Training400-Annotation-D&F/Disc_Masks/N0139.bmp
../../data/PALM-Training400/P0073.jpg,../../data/PALM-Training400-Annotation-D&F/Disc_Masks/P0073.bmp
../../data/PALM-Training400/H0005.jpg,../../data/PALM-Training400-Annotation-D&F/Disc_Masks/H0005.bmp
../../data/PALM-Training400/N0100.jpg,../../data/PALM-Training400-Annotation-D&F/Disc_Masks/N0100.bmp
../../data/PALM-Training400/P0023.jpg,../../data/PALM-Training400-Annotation-D&F/Disc_Masks/P0023.bmp
../../data/PALM-Training400/P0142.jpg,../../data/PALM-Training400-Annotation-D&F/Disc_Masks/P0142.bmp
../../data/PALM-Training400/P0070.jpg,../../data/PALM-Training400-Annotation-D&F/Disc_Masks/P0070.bmp
../../data/PALM-Training400/N0105.jpg,../../data/PALM-Training400-Annotation-D&F/Disc_Masks/N0105.bmp
../../data/PALM-Training400/P0193.jpg,../../data/PALM-Training400-Annotation-D&F/Disc_Masks/P0193.bmp
../../data/PALM-Training400/P0078.jpg,../../data/PALM-Training400-Annotation-D&F/Disc_Masks/P0078.bmp
../../data/PALM-Training400/P0165.jpg,../../data/PALM-Training400-Annotation-D&F/Disc_Masks/P0165.bmp
../../data/PALM-Training400/N0112.jpg,../../data/PALM-Training400-Annotation-D&F/Disc_Masks/N0112.bmp
../../data/PALM-Training400/N0059.jpg,../../data/PALM-Training400-Annotation-D&F/Disc_Masks/N0059.bmp
../../data/PALM-Training400/P0135.jpg,../../data/PALM-Training400-Annotation-D&F/Disc_Masks/P0135.bmp
../../data/PALM-Training400/N0014.jpg,../../data/PALM-Training400-Annotation-D&F/Disc_Masks/N0014.bmp
../../data/PALM-Training400/N0068.jpg,../../data/PALM-Training400-Annotation-D&F/Disc_Masks/N0068.bmp
../../data/PALM-Training400/P0147.jpg,../../data/PALM-Training400-Annotation-D&F/Disc_Masks/P0147.bmp
../../data/PALM-Training400/N0092.jpg,../../data/PALM-Training400-Annotation-D&F/Disc_Masks/N0092.bmp
../../data/PALM-Training400/P0036.jpg,../../data/PALM-Training400-Annotation-D&F/Disc_Masks/P0036.bmp
../../data/PALM-Training400/P0043.jpg,../../data/PALM-Training400-Annotation-D&F/Disc_Masks/P0043.bmp
../../data/PALM-Training400/N0118.jpg,../../data/PALM-Training400-Annotation-D&F/Disc_Masks/N0118.bmp
../../data/PALM-Training400/P0008.jpg,../../data/PALM-Training400-Annotation-D&F/Disc_Masks/P0008.bmp
../../data/PALM-Training400/P0094.jpg,../../data/PALM-Training400-Annotation-D&F/Disc_Masks/P0094.bmp
../../data/PALM-Training400/N0029.jpg,../../data/PALM-Training400-Annotation-D&F/Disc_Masks/N0029.bmp
../../data/PALM-Training400/P0185.jpg,../../data/PALM-Training400-Annotation-D&F/Disc_Masks/P0185.bmp
../../data/PALM-Training400/N0050.jpg,../../data/PALM-Training400-Annotation-D&F/Disc_Masks/N0050.bmp
../../data/PALM-Training400/P0102.jpg,../../data/PALM-Training400-Annotation-D&F/Disc_Masks/P0102.bmp
../../data/PALM-Training400/N0070.jpg,../../data/PALM-Training400-Annotation-D&F/Disc_Masks/N0070.bmp
../../data/PALM-Training400/P0010.jpg,../../data/PALM-Training400-Annotation-D&F/Disc_Masks/P0010.bmp
../../data/PALM-Training400/N0055.jpg,../../data/PALM-Training400-Annotation-D&F/Disc_Masks/N0055.bmp
../../data/PALM-Training400/N0144.jpg,../../data/PALM-Training400-Annotation-D&F/Disc_Masks/N0144.bmp
../../data/PALM-Training400/H0023.jpg,../../data/PALM-Training400-Annotation-D&F/Disc_Masks/H0023.bmp
../../data/PALM-Training400/N0020.jpg,../../data/PALM-Training400-Annotation-D&F/Disc_Masks/N0020.bmp
../../data/PALM-Training400/N0013.jpg,../../data/PALM-Training400-Annotation-D&F/Disc_Masks/N0013.bmp
../../data/PALM-Training400/N0155.jpg,../../data/PALM-Training400-Annotation-D&F/Disc_Masks/N0155.bmp
../../data/PALM-Training400/N0127.jpg,../../data/PALM-Training400-Annotation-D&F/Disc_Masks/N0127.bmp
../../data/PALM-Training400/N0135.jpg,../../data/PALM-Training400-Annotation-D&F/Disc_Masks/N0135.bmp
../../data/PALM-Training400/P0053.jpg,../../data/PALM-Training400-Annotation-D&F/Disc_Masks/P0053.bmp
../../data/PALM-Training400/P0046.jpg,../../data/PALM-Training400-Annotation-D&F/Disc_Masks/P0046.bmp
../../data/PALM-Training400/N0116.jpg,../../data/PALM-Training400-Annotation-D&F/Disc_Masks/N0116.bmp
../../data/PALM-Training400/P0188.jpg,../../data/PALM-Training400-Annotation-D&F/Disc_Masks/P0188.bmp
../../data/PALM-Training400/N0036.jpg,../../data/PALM-Training400-Annotation-D&F/Disc_Masks/N0036.bmp
../../data/PALM-Training400/P0141.jpg,../../data/PALM-Training400-Annotation-D&F/Disc_Masks/P0141.bmp
../../data/PALM-Training400/N0080.jpg,../../data/PALM-Training400-Annotation-D&F/Disc_Masks/N0080.bmp
../../data/PALM-Training400/P0110.jpg,../../data/PALM-Training400-Annotation-D&F/Disc_Masks/P0110.bmp
../../data/PALM-Training400/P0002.jpg,../../data/PALM-Training400-Annotation-D&F/Disc_Masks/P0002.bmp
../../data/PALM-Training400/P0029.jpg,../../data/PALM-Training400-Annotation-D&F/Disc_Masks/P0029.bmp
../../data/PALM-Training400/N0108.jpg,../../data/PALM-Training400-Annotation-D&F/Disc_Masks/N0108.bmp
../../data/PALM-Training400/N0026.jpg,../../data/PALM-Training400-Annotation-D&F/Disc_Masks/N0026.bmp
../../data/PALM-Training400/N0074.jpg,../../data/PALM-Training400-Annotation-D&F/Disc_Masks/N0074.bmp
../../data/PALM-Training400/P0128.jpg,../../data/PALM-Training400-Annotation-D&F/Disc_Masks/P0128.bmp
../../data/PALM-Training400/P0031.jpg,../../data/PALM-Training400-Annotation-D&F/Disc_Masks/P0031.bmp
../../data/PALM-Training400/N0121.jpg,../../data/PALM-Training400-Annotation-D&F/Disc_Masks/N0121.bmp
../../data/PALM-Training400/N0011.jpg,../../data/PALM-Training400-Annotation-D&F/Disc_Masks/N0011.bmp
../../data/PALM-Training400/P0206.jpg,../../data/PALM-Training400-Annotation-D&F/Disc_Masks/P0206.bmp
../../data/PALM-Training400/N0126.jpg,../../data/PALM-Training400-Annotation-D&F/Disc_Masks/N0126.bmp
../../data/PALM-Training400/P0071.jpg,../../data/PALM-Training400-Annotation-D&F/Disc_Masks/P0071.bmp
../../data/PALM-Training400/P0150.jpg,../../data/PALM-Training400-Annotation-D&F/Disc_Masks/P0150.bmp
../../data/PALM-Training400/H0009.jpg,../../data/PALM-Training400-Annotation-D&F/Disc_Masks/H0009.bmp
../../data/PALM-Training400/H0001.jpg,../../data/PALM-Training400-Annotation-D&F/Disc_Masks/H0001.bmp
../../data/PALM-Training400/P0176.jpg,../../data/PALM-Training400-Annotation-D&F/Disc_Masks/P0176.bmp
../../data/PALM-Training400/P0177.jpg,../../data/PALM-Training400-Annotation-D&F/Disc_Masks/P0177.bmp
../../data/PALM-Training400/P0181.jpg,../../data/PALM-Training400-Annotation-D&F/Disc_Masks/P0181.bmp
../../data/PALM-Training400/N0085.jpg,../../data/PALM-Training400-Annotation-D&F/Disc_Masks/N0085.bmp
../../data/PALM-Training400/P0051.jpg,../../data/PALM-Training400-Annotation-D&F/Disc_Masks/P0051.bmp
../../data/PALM-Training400/P0163.jpg,../../data/PALM-Training400-Annotation-D&F/Disc_Masks/P0163.bmp
../../data/PALM-Training400/P0038.jpg,../../data/PALM-Training400-Annotation-D&F/Disc_Masks/P0038.bmp
../../data/PALM-Training400/N0156.jpg,../../data/PALM-Training400-Annotation-D&F/Disc_Masks/N0156.bmp
../../data/PALM-Training400/N0083.jpg,../../data/PALM-Training400-Annotation-D&F/Disc_Masks/N0083.bmp
../../data/PALM-Training400/P0040.jpg,../../data/PALM-Training400-Annotation-D&F/Disc_Masks/P0040.bmp
../../data/PALM-Training400/N0046.jpg,../../data/PALM-Training400-Annotation-D&F/Disc_Masks/N0046.bmp
../../data/PALM-Training400/N0032.jpg,../../data/PALM-Training400-Annotation-D&F/Disc_Masks/N0032.bmp
../../data/PALM-Training400/N0017.jpg,../../data/PALM-Training400-Annotation-D&F/Disc_Masks/N0017.bmp
../../data/PALM-Training400/P0024.jpg,../../data/PALM-Training400-Annotation-D&F/Disc_Masks/P0024.bmp
../../data/PALM-Training400/P0174.jpg,../../data/PALM-Training400-Annotation-D&F/Disc_Masks/P0174.bmp
../../data/PALM-Training400/N0012.jpg,../../data/PALM-Training400-Annotation-D&F/Disc_Masks/N0012.bmp
../../data/PALM-Training400/P0123.jpg,../../data/PALM-Training400-Annotation-D&F/Disc_Masks/P0123.bmp
../../data/PALM-Training400/P0055.jpg,../../data/PALM-Training400-Annotation-D&F/Disc_Masks/P0055.bmp
../../data/PALM-Training400/P0090.jpg,../../data/PALM-Training400-Annotation-D&F/Disc_Masks/P0090.bmp
../../data/PALM-Training400/N0147.jpg,../../data/PALM-Training400-Annotation-D&F/Disc_Masks/N0147.bmp
../../data/PALM-Training400/P0158.jpg,../../data/PALM-Training400-Annotation-D&F/Disc_Masks/P0158.bmp
../../data/PALM-Training400/N0123.jpg,../../data/PALM-Training400-Annotation-D&F/Disc_Masks/N0123.bmp
../../data/PALM-Training400/N0047.jpg,../../data/PALM-Training400-Annotation-D&F/Disc_Masks/N0047.bmp
../../data/PALM-Training400/N0120.jpg,../../data/PALM-Training400-Annotation-D&F/Disc_Masks/N0120.bmp
../../data/PALM-Training400/N0113.jpg,../../data/PALM-Training400-Annotation-D&F/Disc_Masks/N0113.bmp
../../data/PALM-Training400/H0016.jpg,../../data/PALM-Training400-Annotation-D&F/Disc_Masks/H0016.bmp
../../data/PALM-Training400/N0049.jpg,../../data/PALM-Training400-Annotation-D&F/Disc_Masks/N0049.bmp
../../data/PALM-Training400/H0025.jpg,../../data/PALM-Training400-Annotation-D&F/Disc_Masks/H0025.bmp
../../data/PALM-Training400/N0141.jpg,../../data/PALM-Training400-Annotation-D&F/Disc_Masks/N0141.bmp
../../data/PALM-Training400/N0025.jpg,../../data/PALM-Training400-Annotation-D&F/Disc_Masks/N0025.bmp
../../data/PALM-Training400/P0184.jpg,../../data/PALM-Training400-Annotation-D&F/Disc_Masks/P0184.bmp
../../data/PALM-Training400/P0136.jpg,../../data/PALM-Training400-Annotation-D&F/Disc_Masks/P0136.bmp
../../data/PALM-Training400/P0041.jpg,../../data/PALM-Training400-Annotation-D&F/Disc_Masks/P0041.bmp
../../data/PALM-Training400/P0117.jpg,../../data/PALM-Training400-Annotation-D&F/Disc_Masks/P0117.bmp
../../data/PALM-Training400/P0166.jpg,../../data/PALM-Training400-Annotation-D&F/Disc_Masks/P0166.bmp
../../data/PALM-Training400/P0061.jpg,../../data/PALM-Training400-Annotation-D&F/Disc_Masks/P0061.bmp
../../data/PALM-Training400/P0032.jpg,../../data/PALM-Training400-Annotation-D&F/Disc_Masks/P0032.bmp
../../data/PALM-Training400/P0037.jpg,../../data/PALM-Training400-Annotation-D&F/Disc_Masks/P0037.bmp
../../data/PALM-Training400/P0182.jpg,../../data/PALM-Training400-Annotation-D&F/Disc_Masks/P0182.bmp
../../data/PALM-Training400/P0076.jpg,../../data/PALM-Training400-Annotation-D&F/Disc_Masks/P0076.bmp
../../data/PALM-Training400/P0212.jpg,../../data/PALM-Training400-Annotation-D&F/Disc_Masks/P0212.bmp
../../data/PALM-Training400/P0183.jpg,../../data/PALM-Training400-Annotation-D&F/Disc_Masks/P0183.bmp
../../data/PALM-Training400/P0104.jpg,../../data/PALM-Training400-Annotation-D&F/Disc_Masks/P0104.bmp
../../data/PALM-Training400/P0025.jpg,../../data/PALM-Training400-Annotation-D&F/Disc_Masks/P0025.bmp
../../data/PALM-Training400/N0146.jpg,../../data/PALM-Training400-Annotation-D&F/Disc_Masks/N0146.bmp
../../data/PALM-Training400/N0028.jpg,../../data/PALM-Training400-Annotation-D&F/Disc_Masks/N0028.bmp
../../data/PALM-Training400/P0042.jpg,../../data/PALM-Training400-Annotation-D&F/Disc_Masks/P0042.bmp
../../data/PALM-Training400/P0014.jpg,../../data/PALM-Training400-Annotation-D&F/Disc_Masks/P0014.bmp
../../data/PALM-Training400/P0087.jpg,../../data/PALM-Training400-Annotation-D&F/Disc_Masks/P0087.bmp
../../data/PALM-Training400/N0090.jpg,../../data/PALM-Training400-Annotation-D&F/Disc_Masks/N0090.bmp
../../data/PALM-Training400/N0038.jpg,../../data/PALM-Training400-Annotation-D&F/Disc_Masks/N0038.bmp
../../data/PALM-Training400/H0004.jpg,../../data/PALM-Training400-Annotation-D&F/Disc_Masks/H0004.bmp
../../data/PALM-Training400/N0034.jpg,../../data/PALM-Training400-Annotation-D&F/Disc_Masks/N0034.bmp
../../data/PALM-Training400/N0065.jpg,../../data/PALM-Training400-Annotation-D&F/Disc_Masks/N0065.bmp
../../data/PALM-Training400/P0030.jpg,../../data/PALM-Training400-Annotation-D&F/Disc_Masks/P0030.bmp
../../data/PALM-Training400/N0019.jpg,../../data/PALM-Training400-Annotation-D&F/Disc_Masks/N0019.bmp
../../data/PALM-Training400/P0095.jpg,../../data/PALM-Training400-Annotation-D&F/Disc_Masks/P0095.bmp
../../data/PALM-Training400/N0076.jpg,../../data/PALM-Training400-Annotation-D&F/Disc_Masks/N0076.bmp
../../data/PALM-Training400/N0037.jpg,../../data/PALM-Training400-Annotation-D&F/Disc_Masks/N0037.bmp
../../data/PALM-Training400/P0098.jpg,../../data/PALM-Training400-Annotation-D&F/Disc_Masks/P0098.bmp
../../data/PALM-Training400/P0066.jpg,../../data/PALM-Training400-Annotation-D&F/Disc_Masks/P0066.bmp
../../data/PALM-Training400/H0024.jpg,../../data/PALM-Training400-Annotation-D&F/Disc_Masks/H0024.bmp
../../data/PALM-Training400/N0073.jpg,../../data/PALM-Training400-Annotation-D&F/Disc_Masks/N0073.bmp
../../data/PALM-Training400/P0108.jpg,../../data/PALM-Training400-Annotation-D&F/Disc_Masks/P0108.bmp
../../data/PALM-Training400/N0151.jpg,../../data/PALM-Training400-Annotation-D&F/Disc_Masks/N0151.bmp
../../data/PALM-Training400/P0207.jpg,../../data/PALM-Training400-Annotation-D&F/Disc_Masks/P0207.bmp
../../data/PALM-Training400/N0119.jpg,../../data/PALM-Training400-Annotation-D&F/Disc_Masks/N0119.bmp
../../data/PALM-Training400/P0162.jpg,../../data/PALM-Training400-Annotation-D&F/Disc_Masks/P0162.bmp
../../data/PALM-Training400/P0199.jpg,../../data/PALM-Training400-Annotation-D&F/Disc_Masks/P0199.bmp
../../data/PALM-Training400/P0175.jpg,../../data/PALM-Training400-Annotation-D&F/Disc_Masks/P0175.bmp
../../data/PALM-Training400/P0068.jpg,../../data/PALM-Training400-Annotation-D&F/Disc_Masks/P0068.bmp
../../data/PALM-Training400/N0039.jpg,../../data/PALM-Training400-Annotation-D&F/Disc_Masks/N0039.bmp
../../data/PALM-Training400/N0035.jpg,../../data/PALM-Training400-Annotation-D&F/Disc_Masks/N0035.bmp
../../data/PALM-Training400/N0159.jpg,../../data/PALM-Training400-Annotation-D&F/Disc_Masks/N0159.bmp
../../data/PALM-Training400/P0013.jpg,../../data/PALM-Training400-Annotation-D&F/Disc_Masks/P0013.bmp
../../data/PALM-Training400/P0211.jpg,../../data/PALM-Training400-Annotation-D&F/Disc_Masks/P0211.bmp
../../data/PALM-Training400/P0011.jpg,../../data/PALM-Training400-Annotation-D&F/Disc_Masks/P0011.bmp
../../data/PALM-Training400/N0154.jpg,../../data/PALM-Training400-Annotation-D&F/Disc_Masks/N0154.bmp
../../data/PALM-Training400/N0043.jpg,../../data/PALM-Training400-Annotation-D&F/Disc_Masks/N0043.bmp
../../data/PALM-Training400/N0033.jpg,../../data/PALM-Training400-Annotation-D&F/Disc_Masks/N0033.bmp
../../data/PALM-Training400/P0060.jpg,../../data/PALM-Training400-Annotation-D&F/Disc_Masks/P0060.bmp
../../data/PALM-Training400/P0077.jpg,../../data/PALM-Training400-Annotation-D&F/Disc_Masks/P0077.bmp
../../data/PALM-Training400/N0006.jpg,../../data/PALM-Training400-Annotation-D&F/Disc_Masks/N0006.bmp
../../data/PALM-Training400/P0169.jpg,../../data/PALM-Training400-Annotation-D&F/Disc_Masks/P0169.bmp
../../data/PALM-Training400/N0145.jpg,../../data/PALM-Training400-Annotation-D&F/Disc_Masks/N0145.bmp
../../data/PALM-Training400/P0114.jpg,../../data/PALM-Training400-Annotation-D&F/Disc_Masks/P0114.bmp
../../data/PALM-Training400/P0015.jpg,../../data/PALM-Training400-Annotation-D&F/Disc_Masks/P0015.bmp
../../data/PALM-Training400/P0138.jpg,../../data/PALM-Training400-Annotation-D&F/Disc_Masks/P0138.bmp
../../data/PALM-Training400/P0084.jpg,../../data/PALM-Training400-Annotation-D&F/Disc_Masks/P0084.bmp
../../data/PALM-Training400/P0164.jpg,../../data/PALM-Training400-Annotation-D&F/Disc_Masks/P0164.bmp
../../data/PALM-Training400/N0134.jpg,../../data/PALM-Training400-Annotation-D&F/Disc_Masks/N0134.bmp
../../data/PALM-Training400/N0115.jpg,../../data/PALM-Training400-Annotation-D&F/Disc_Masks/N0115.bmp
../../data/PALM-Training400/N0136.jpg,../../data/PALM-Training400-Annotation-D&F/Disc_Masks/N0136.bmp
../../data/PALM-Training400/N0084.jpg,../../data/PALM-Training400-Annotation-D&F/Disc_Masks/N0084.bmp
../../data/PALM-Training400/N0072.jpg,../../data/PALM-Training400-Annotation-D&F/Disc_Masks/N0072.bmp
../../data/PALM-Training400/P0186.jpg,../../data/PALM-Training400-Annotation-D&F/Disc_Masks/P0186.bmp
../../data/PALM-Training400/P0039.jpg,../../data/PALM-Training400-Annotation-D&F/Disc_Masks/P0039.bmp
../../data/PALM-Training400/N0106.jpg,../../data/PALM-Training400-Annotation-D&F/Disc_Masks/N0106.bmp
../../data/PALM-Training400/P0213.jpg,../../data/PALM-Training400-Annotation-D&F/Disc_Masks/P0213.bmp
../../data/PALM-Training400/N0005.jpg,../../data/PALM-Training400-Annotation-D&F/Disc_Masks/N0005.bmp
../../data/PALM-Training400/P0012.jpg,../../data/PALM-Training400-Annotation-D&F/Disc_Masks/P0012.bmp
../../data/PALM-Training400/N0056.jpg,../../data/PALM-Training400-Annotation-D&F/Disc_Masks/N0056.bmp
../../data/PALM-Training400/N0091.jpg,../../data/PALM-Training400-Annotation-D&F/Disc_Masks/N0091.bmp
../../data/PALM-Training400/P0105.jpg,../../data/PALM-Training400-Annotation-D&F/Disc_Masks/P0105.bmp
../../data/PALM-Training400/P0204.jpg,../../data/PALM-Training400-Annotation-D&F/Disc_Masks/P0204.bmp
../../data/PALM-Training400/N0087.jpg,../../data/PALM-Training400-Annotation-D&F/Disc_Masks/N0087.bmp
